row_id,cliid,relation
1,598472,3
2,661203,3
3,572619,5
4,572619,3
5,572619,3
6,648168,3
7,668032,5
8,668032,3
9,668032,3
10,515106,5
11,515106,3
12,515106,3
13,504171,5
14,515106,3
15,556951,5
16,556951,3
17,517849,5
18,605044,5
19,605044,3
20,614778,3
21,544021,3
22,544021,3
23,11581,5
24,11581,3
25,554510,5
26,554510,3
27,554510,3
28,580967,5
29,580967,3
30,580967,3
31,580967,3
32,497403,5
33,497403,3
34,559385,5
35,563743,3
36,563743,3
37,498478,5
38,498478,3
39,560195,5
40,560195,3
41,536083,3
42,536083,3
43,649858,5
44,649858,3
45,577698,5
46,577698,3
47,577698,3
48,649163,5
49,619020,3
50,516319,3
51,662250,5
52,662250,3
53,579794,5
54,579794,3
55,520761,5
56,520761,3
57,520761,3
58,499753,5
59,559715,5
60,559715,3
61,559715,3
62,534966,5
63,534966,3
64,534966,3
65,513975,3
66,513975,3
67,623705,5
68,623705,3
69,579317,3
70,579317,3
71,510761,5
72,648155,5
73,648155,3
74,648155,3
75,616552,5
76,497418,5
77,497418,3
78,515865,5
79,515865,3
80,674046,5
81,674046,3
82,674046,3
83,674046,3
84,509393,5
85,509393,3
86,615038,5
87,615038,3
88,615038,3
89,501953,3
90,554736,5
91,554736,3
92,651818,5
93,651818,3
94,651818,3
95,562727,5
96,562727,3
97,562727,3
98,499569,5
99,668299,5
100,651195,5
101,651195,3
102,654574,5
103,654574,3
104,654574,3
105,578499,5
106,618181,5
107,618181,3
108,2374,5
109,2374,3
110,2374,3
111,566848,5
112,566848,3
113,557291,5
114,645082,3
115,660272,5
116,559278,3
117,576476,5
118,576476,3
119,576476,3
120,501493,5
121,516778,5
122,516778,3
123,516778,3
124,585839,5
125,585839,3
126,585839,3
127,535254,5
128,535254,3
129,12093,5
130,595226,5
131,595226,3
132,595226,3
133,595226,3
134,535035,3
135,535035,3
136,6169,3
137,499100,5
138,499100,3
139,15189,5
140,15189,3
141,661969,5
142,661969,3
143,568297,5
144,568297,3
145,543427,3
146,671615,5
147,663336,5
148,663336,3
149,663336,3
150,509370,5
151,509370,3
152,509370,3
153,518347,5
154,555052,5
155,560084,3
156,585116,5
157,585116,3
158,585116,3
159,644821,5
160,644821,3
161,644821,3
162,541460,3
163,565715,5
164,565715,3
165,660995,3
166,507776,5
167,507776,3
168,507776,3
169,507776,3
170,518177,5
171,518177,3
172,584948,5
173,535097,5
174,7344,5
175,7344,3
176,7344,3
177,574434,5
178,551673,5
179,551673,3
180,551673,3
181,551673,3
182,565486,3
183,565486,3
184,516101,5
185,516101,3
186,516101,3
187,516101,3
188,617885,5
189,617885,3
190,584138,5
191,584138,3
192,14384,3
193,615335,5
194,614486,3
195,614031,5
196,614031,3
197,614031,3
198,610272,5
199,610272,3
200,592632,5
201,534796,5
202,534796,3
203,534796,3
204,534796,3
205,542058,5
206,542058,5
207,542058,3
208,542058,3
209,651352,5
210,581358,5
211,581358,3
212,581358,3
213,657518,5
214,657518,3
215,604237,3
216,6650,5
217,6650,3
218,6650,3
219,675525,5
220,675525,3
221,560207,5
222,678778,5
223,503423,5
224,560175,5
225,560175,3
226,560175,3
227,5140,5
228,5140,3
229,5140,3
230,517018,5
231,517018,3
232,517018,3
233,4453,5
234,4453,3
235,535882,5
236,535882,3
237,535882,3
238,575602,5
239,575602,3
240,575602,3
241,559629,5
242,559629,3
243,580907,3
244,568377,5
245,568377,3
246,568377,3
247,580539,5
248,580539,3
249,580539,3
250,559735,5
251,497755,5
252,497755,3
253,497755,3
254,561564,5
255,561564,5
256,670039,5
257,670039,3
258,535043,5
259,535043,3
260,535043,3
261,559318,3
262,592711,5
263,592711,3
264,592711,3
265,559238,3
266,560540,5
267,560540,3
268,560540,3
269,581107,5
270,581107,3
271,581107,3
272,2755,5
273,2755,3
274,2755,3
275,560931,3
276,656327,5
277,656327,3
278,656327,3
279,656327,3
280,531175,5
281,531175,3
282,521216,5
283,521216,3
284,537472,5
285,2241,5
286,2241,3
287,2241,3
288,537472,3
289,537472,3
290,575694,5
291,575694,3
292,593477,5
293,593477,3
294,593477,3
295,593477,3
296,548678,5
297,548678,3
298,548678,3
299,595939,5
300,595939,3
301,595939,3
302,561019,3
303,561019,3
304,561019,3
305,547378,5
306,547378,3
307,547378,3
308,606234,5
309,606234,3
310,591007,3
311,580101,5
312,580101,3
313,561655,5
314,561655,3
315,561655,3
316,561655,3
317,388,5
318,517506,5
319,517506,3
320,517506,3
321,517506,3
322,669226,5
323,669226,3
324,669226,3
325,582214,3
326,582214,3
327,678020,5
328,601351,3
329,601351,3
330,543252,5
331,543252,3
332,543252,3
333,543252,3
334,669694,5
335,669694,3
336,669694,3
337,641504,5
338,578697,5
339,526567,5
340,526567,3
341,583637,5
342,583637,3
343,583637,3
344,567039,5
345,534447,5
346,534447,3
347,561152,5
348,561152,3
349,561152,3
350,561152,3
351,622215,5
352,622380,5
353,2930,3
354,541071,5
355,541071,3
356,541071,3
357,679548,5
358,679548,3
359,679548,3
360,679548,3
361,588367,5
362,588367,3
363,580137,5
364,530031,5
365,530031,3
366,530031,3
367,646970,5
368,646970,3
369,10021,5
370,10021,3
371,10021,3
372,590389,5
373,590389,3
374,620698,5
375,620698,3
376,7851,5
377,7851,3
378,315,5
379,8013,5
380,8013,3
381,11331,5
382,11331,3
383,11331,3
384,663877,3
385,663877,3
386,613803,5
387,613803,3
388,507014,5
389,507014,3
390,540375,5
391,540375,3
392,540375,3
393,663931,5
394,663931,3
395,663931,3
396,657480,5
397,657480,3
398,559854,5
399,606709,5
400,606709,3
401,501441,5
402,501441,3
403,611355,5
404,611355,3
405,618273,5
406,581668,5
407,581668,3
408,581668,3
409,518682,5
410,518682,3
411,564370,5
412,3856,5
413,535131,5
414,649978,5
415,649978,3
416,551613,5
417,551613,3
418,598054,5
419,598054,3
420,598054,3
421,523345,5
422,585849,5
423,517698,5
424,517698,3
425,517698,3
426,580137,3
427,13737,5
428,13737,3
429,618098,5
430,569812,5
431,569812,3
432,656196,5
433,656196,3
434,656196,3
435,566449,3
436,591733,5
437,591733,3
438,591733,3
439,569725,5
440,569725,3
441,500285,3
442,498782,3
443,498782,3
444,585457,5
445,509388,5
446,509388,3
447,509388,3
448,520499,5
449,658000,5
450,560716,5
451,560716,3
452,657281,5
453,657281,3
454,583613,5
455,583613,3
456,513133,5
457,513133,3
458,646770,5
459,1102,5
460,1102,3
461,661722,5
462,583419,5
463,583419,3
464,613874,5
465,613874,3
466,613874,3
467,580368,5
468,580368,3
469,580368,3
470,580368,3
471,643238,5
472,643238,3
473,525783,5
474,525783,3
475,525783,3
476,658212,3
477,536239,5
478,536239,3
479,583680,5
480,583680,3
481,622959,5
482,622959,3
483,622959,3
484,523435,5
485,523435,3
486,580579,5
487,560546,5
488,560546,3
489,600672,3
490,600672,3
491,523661,5
492,523661,3
493,615913,3
494,579222,3
495,579222,3
496,662414,5
497,641648,5
498,501622,5
499,501622,3
500,675342,5
501,675342,3
502,616803,5
503,616803,3
504,517068,3
505,517068,3
506,498993,3
507,517143,5
508,517143,3
509,517143,3
510,658873,5
511,658873,3
512,658873,3
513,536849,5
514,536849,3
515,585505,5
516,585528,5
517,507822,5
518,507822,3
519,583553,5
520,583553,3
521,583553,3
522,498809,5
523,498809,3
524,498809,3
525,566659,5
526,566659,3
527,534554,5
528,602095,5
529,602095,3
530,602095,3
531,598854,5
532,497798,5
533,497798,3
534,497798,3
535,559646,5
536,559646,3
537,559646,3
538,656415,5
539,656415,3
540,665915,5
541,665915,3
542,665915,3
543,613128,5
544,548843,5
545,536186,5
546,536186,3
547,504383,3
548,509026,5
549,571651,5
550,571651,3
551,622236,5
552,622236,3
553,516949,5
554,516949,3
555,516949,3
556,516949,3
557,530840,5
558,530840,3
559,595992,5
560,595992,3
561,541516,5
562,541516,3
563,541516,3
564,498270,5
565,498270,3
566,499719,5
567,499719,3
568,582465,5
569,582465,3
570,582465,3
571,512124,5
572,512124,3
573,512124,3
574,512124,3
575,671058,5
576,519335,5
577,620738,5
578,620738,3
579,560142,5
580,560142,3
581,560142,3
582,6291,3
583,6291,3
584,500710,5
585,500710,3
586,645027,5
587,645027,3
588,10361,3
589,578197,5
590,578197,3
591,578197,3
592,584672,5
593,584672,3
594,536861,5
595,536861,3
596,644813,5
597,644813,3
598,644813,3
599,671,3
600,671,3
601,616585,5
602,500781,5
603,500781,3
604,497560,5
605,559280,5
606,621007,5
607,563626,5
608,563626,3
609,598449,5
610,598449,3
611,598449,3
612,614996,5
613,614996,3
614,536954,5
615,536954,3
616,580542,5
617,580542,3
618,509774,5
619,509774,3
620,509774,3
621,621560,5
622,621560,3
623,575927,5
624,575927,3
625,575927,3
626,671884,5
627,671884,3
628,592715,5
629,592715,3
630,663166,5
631,663166,3
632,663166,3
633,663166,3
634,663166,3
635,510332,5
636,510332,3
637,11316,5
638,518333,3
639,581907,5
640,581907,3
641,622045,5
642,622045,3
643,622045,3
644,1130,5
645,1130,3
646,1130,3
647,1130,3
648,559193,3
649,559193,3
650,550548,5
651,550548,3
652,537041,5
653,537041,3
654,581798,5
655,581798,3
656,543750,3
657,543750,3
658,619524,5
659,619524,3
660,619524,3
661,538161,5
662,538161,3
663,538161,3
664,679346,5
665,679346,3
666,679346,3
667,585729,5
668,585729,3
669,613819,5
670,674214,5
671,679639,5
672,562581,5
673,520760,5
674,520760,3
675,520760,3
676,561008,5
677,561008,3
678,561008,3
679,561008,3
680,649419,5
681,649419,3
682,649419,3
683,621651,5
684,621651,3
685,656569,5
686,539107,5
687,584242,5
688,584242,3
689,584242,3
690,507525,5
691,507525,3
692,556149,5
693,556149,3
694,536225,5
695,536225,3
696,676312,5
697,676312,3
698,676312,3
699,518291,3
700,579751,5
701,579751,3
702,14774,5
703,14774,3
704,578118,5
705,578118,3
706,573143,3
707,553443,5
708,553443,3
709,518576,5
710,518576,3
711,518576,3
712,518576,3
713,559855,5
714,559855,3
715,559855,3
716,499669,5
717,499669,3
718,662996,5
719,662996,3
720,612652,3
721,342,5
722,342,3
723,342,3
724,342,3
725,518348,5
726,560375,5
727,560375,3
728,560375,3
729,12325,5
730,12325,3
731,560353,5
732,560353,3
733,560353,3
734,531567,5
735,531567,3
736,13046,5
737,13046,3
738,556710,5
739,556710,5
740,556710,3
741,556710,3
742,556710,3
743,556710,3
744,506509,5
745,506509,3
746,506509,3
747,584359,5
748,499278,5
749,499278,3
750,554873,5
751,554873,3
752,554873,3
753,581027,5
754,581027,3
755,581027,3
756,603692,5
757,603692,3
758,524565,5
759,524565,3
760,524565,3
761,565488,3
762,497116,5
763,497116,3
764,519207,5
765,519207,3
766,531366,5
767,531366,5
768,531366,3
769,531366,3
770,531366,3
771,531366,3
772,559308,5
773,559308,3
774,559308,3
775,560907,5
776,560907,3
777,560907,3
778,560907,3
779,586705,5
780,586705,3
781,677025,5
782,677025,3
783,677025,3
784,553175,5
785,553175,3
786,553175,3
787,509563,5
788,560801,5
789,560801,3
790,535586,5
791,535586,3
792,519652,5
793,519652,3
794,519652,3
795,519652,3
796,584261,3
797,584261,3
798,560976,5
799,499911,5
800,13633,5
801,13633,3
802,560976,3
803,676663,3
804,580824,5
805,580824,3
806,559365,5
807,559365,3
808,548638,5
809,517664,5
810,517664,3
811,517664,3
812,550088,5
813,550088,3
814,550088,3
815,550088,3
816,500063,5
817,657002,5
818,657002,3
819,657002,3
820,528773,5
821,646976,5
822,665930,5
823,665930,3
824,620258,5
825,620258,3
826,648796,5
827,644274,5
828,644274,3
829,644274,3
830,675478,5
831,675478,3
832,516675,5
833,516675,3
834,664548,3
835,664548,3
836,664548,3
837,567863,5
838,567863,3
839,511775,5
840,522180,5
841,522180,3
842,616662,5
843,537690,5
844,537690,3
845,537690,3
846,541017,5
847,541017,3
848,615674,5
849,615674,3
850,497522,5
851,536089,5
852,612690,5
853,612690,3
854,534659,5
855,497555,5
856,497555,3
857,497555,3
858,497555,3
859,518157,5
860,518157,3
861,546296,5
862,546296,3
863,612875,5
864,612875,3
865,612875,3
866,553159,5
867,553159,3
868,504938,5
869,504938,3
870,504938,3
871,537358,5
872,560850,5
873,560850,3
874,663645,5
875,663645,3
876,663645,3
877,519255,5
878,519255,3
879,519255,3
880,618433,5
881,618433,3
882,582229,5
883,582229,3
884,560208,5
885,560208,3
886,575866,5
887,575866,3
888,575866,3
889,659613,5
890,659613,3
891,620507,5
892,620507,3
893,13985,3
894,617653,5
895,617653,3
896,576236,5
897,581761,5
898,559895,3
899,559895,3
900,664135,5
901,664135,3
902,664135,3
903,499728,3
904,499728,3
905,499728,3
906,652169,5
907,652169,3
908,666258,5
909,666258,3
910,666258,3
911,510551,5
912,379,5
913,379,3
914,379,3
915,379,3
916,7733,5
917,7464,5
918,7464,5
919,7464,3
920,661898,5
921,661898,3
922,678251,3
923,678251,3
924,544886,5
925,544886,3
926,544886,3
927,619289,3
928,619732,5
929,619732,3
930,619732,3
931,534465,5
932,534465,3
933,534465,3
934,497986,5
935,497986,3
936,642007,5
937,531369,5
938,531369,3
939,531369,3
940,506954,5
941,642225,5
942,642225,3
943,581683,5
944,581683,5
945,581683,3
946,582165,5
947,582165,3
948,582165,3
949,604313,5
950,604313,3
951,543012,5
952,543012,3
953,679934,5
954,679934,3
955,679934,3
956,498617,5
957,498617,3
958,532186,5
959,532186,3
960,532186,3
961,520037,3
962,520037,3
963,665387,5
964,665387,3
965,665387,3
966,516908,5
967,516908,3
968,509790,5
969,509790,3
970,509790,3
971,506135,3
972,506135,3
973,551884,5
974,551884,3
975,503769,5
976,503769,3
977,582805,5
978,662451,5
979,619314,3
980,619314,3
981,672133,5
982,580533,5
983,580533,3
984,580533,3
985,580533,3
986,592632,3
987,564710,5
988,518120,5
989,518120,3
990,518120,3
991,555242,3
992,674544,5
993,674544,3
994,578446,5
995,578446,3
996,615932,5
997,615932,3
998,615932,3
999,615932,3
1000,677033,5
1001,677033,3
1002,677033,3
1003,583465,5
1004,583465,3
1005,583465,3
1006,585863,5
1007,574155,3
1008,574155,3
1009,560183,5
1010,560183,3
1011,560183,3
1012,564000,5
1013,564000,3
1014,564000,3
1015,534523,5
1016,534523,3
1017,534523,3
1018,671333,5
1019,671333,3
1020,671333,3
1021,585122,5
1022,585122,3
1023,585122,3
1024,563687,5
1025,563687,3
1026,665970,5
1027,665970,3
1028,665970,3
1029,557842,5
1030,535829,5
1031,535829,3
1032,564156,5
1033,564156,3
1034,564156,3
1035,571503,5
1036,571503,3
1037,571503,3
1038,13435,5
1039,501822,5
1040,559208,5
1041,559208,3
1042,559208,3
1043,517252,5
1044,517252,3
1045,517252,3
1046,501822,3
1047,501822,3
1048,518247,5
1049,518247,3
1050,518247,3
1051,4241,5
1052,4241,5
1053,4241,3
1054,581502,5
1055,5127,5
1056,663769,3
1057,12606,5
1058,12606,3
1059,12606,3
1060,12606,3
1061,615529,5
1062,581012,5
1063,581012,3
1064,581012,3
1065,582926,5
1066,582926,3
1067,582926,3
1068,616727,5
1069,616727,3
1070,582457,5
1071,582457,3
1072,620206,5
1073,620206,3
1074,620206,3
1075,535070,5
1076,535070,3
1077,497411,5
1078,497411,3
1079,576233,5
1080,576233,3
1081,576233,3
1082,620872,5
1083,620872,3
1084,613784,5
1085,613784,3
1086,534816,5
1087,534816,3
1088,534816,3
1089,583339,5
1090,612000,3
1091,673414,5
1092,521078,3
1093,584767,5
1094,584767,3
1095,540432,5
1096,540432,3
1097,617725,5
1098,617725,3
1099,582797,5
1100,582797,3
1101,640953,5
1102,560434,5
1103,560434,3
1104,560434,3
1105,497563,5
1106,647167,5
1107,647167,3
1108,585941,5
1109,585941,3
1110,507454,3
1111,570710,5
1112,570710,3
1113,570710,3
1114,515819,5
1115,515819,3
1116,515819,3
1117,497835,5
1118,498492,5
1119,498492,3
1120,498492,3
1121,509185,5
1122,509185,3
1123,509185,3
1124,644032,5
1125,643309,5
1126,578595,5
1127,578481,3
1128,578481,3
1129,519213,5
1130,519213,3
1131,519213,3
1132,654253,5
1133,654253,3
1134,654253,3
1135,621064,5
1136,620210,3
1137,615370,5
1138,615370,3
1139,615370,3
1140,544774,5
1141,544774,3
1142,544774,3
1143,611679,5
1144,611679,3
1145,611679,3
1146,521810,5
1147,521810,3
1148,521810,3
1149,597904,5
1150,597904,3
1151,597904,3
1152,542434,5
1153,583281,5
1154,583281,3
1155,576456,5
1156,576456,3
1157,666689,3
1158,666689,3
1159,592632,3
1160,614829,5
1161,648927,3
1162,611535,3
1163,569064,5
1164,569064,3
1165,569064,3
1166,569064,3
1167,679987,3
1168,591120,5
1169,653055,5
1170,653055,3
1171,653055,3
1172,672446,5
1173,606057,5
1174,606057,3
1175,606057,3
1176,606057,3
1177,529006,5
1178,529006,3
1179,529006,3
1180,512856,3
1181,580859,3
1182,556537,5
1183,556537,5
1184,661675,5
1185,661675,3
1186,536942,5
1187,536942,3
1188,536942,3
1189,499342,3
1190,499342,3
1191,518353,5
1192,498092,5
1193,498092,3
1194,537289,5
1195,534838,5
1196,534838,3
1197,529881,5
1198,529881,3
1199,529881,3
1200,565486,5
1201,567784,5
1202,534871,3
1203,534871,3
1204,613533,5
1205,613533,3
1206,613533,3
1207,524703,5
1208,654548,5
1209,654548,3
1210,654548,3
1211,535242,5
1212,535242,3
1213,535242,3
1214,499659,5
1215,499659,3
1216,518402,5
1217,644528,5
1218,644528,3
1219,555965,5
1220,560666,5
1221,619103,5
1222,619103,3
1223,619103,3
1224,622911,3
1225,3770,5
1226,3770,3
1227,555335,5
1228,500788,5
1229,662063,3
1230,665435,5
1231,665435,3
1232,11995,5
1233,11995,3
1234,11995,3
1235,614777,5
1236,614777,3
1237,614777,3
1238,548856,5
1239,548856,3
1240,548856,3
1241,673818,3
1242,673818,3
1243,660648,5
1244,612777,5
1245,612777,3
1246,530124,5
1247,530124,3
1248,518620,5
1249,576655,5
1250,646998,5
1251,646998,3
1252,622277,5
1253,622277,3
1254,622277,3
1255,622277,3
1256,611066,5
1257,611066,3
1258,583289,5
1259,583289,3
1260,515223,5
1261,515223,3
1262,515223,3
1263,556919,5
1264,556919,3
1265,570412,5
1266,570412,3
1267,590658,5
1268,517753,5
1269,517753,3
1270,605459,3
1271,605459,3
1272,616056,5
1273,616056,3
1274,560998,5
1275,560998,3
1276,559788,5
1277,517428,5
1278,517428,3
1279,560717,5
1280,666369,5
1281,666369,3
1282,666369,3
1283,616439,5
1284,616439,3
1285,616439,3
1286,580537,5
1287,546378,5
1288,546378,3
1289,546378,3
1290,546378,3
1291,523326,5
1292,523326,3
1293,523326,3
1294,553906,3
1295,560932,5
1296,560932,3
1297,560932,3
1298,611388,5
1299,611388,3
1300,611388,3
1301,2400,5
1302,658765,3
1303,658765,3
1304,607869,5
1305,607869,3
1306,607869,3
1307,577502,5
1308,577502,3
1309,656694,5
1310,656694,3
1311,656694,3
1312,5481,3
1313,5481,3
1314,661658,5
1315,661658,3
1316,521766,5
1317,521766,3
1318,521766,3
1319,581488,5
1320,581488,3
1321,498663,5
1322,498663,3
1323,498663,3
1324,498663,3
1325,579424,3
1326,579424,3
1327,644441,5
1328,644441,3
1329,644441,3
1330,565458,5
1331,497100,5
1332,6524,5
1333,6524,3
1334,619334,5
1335,619334,3
1336,607963,3
1337,582655,3
1338,500402,5
1339,572894,5
1340,572894,3
1341,516831,5
1342,516831,3
1343,516831,3
1344,584363,5
1345,610386,5
1346,574792,3
1347,574792,3
1348,7405,3
1349,595952,5
1350,507897,5
1351,507897,3
1352,642379,5
1353,642379,3
1354,501928,3
1355,579411,3
1356,579411,3
1357,511901,5
1358,511901,3
1359,511901,3
1360,511901,3
1361,648077,3
1362,648077,3
1363,648077,3
1364,644161,5
1365,644161,3
1366,644161,3
1367,649217,5
1368,649217,3
1369,649217,3
1370,584265,5
1371,584265,5
1372,584265,3
1373,584265,3
1374,584265,3
1375,13494,5
1376,13494,3
1377,13494,3
1378,13494,3
1379,13494,3
1380,8531,5
1381,8531,3
1382,497340,3
1383,497340,3
1384,621055,5
1385,585376,5
1386,585376,3
1387,12092,5
1388,502161,5
1389,502161,3
1390,528517,5
1391,528517,3
1392,528517,3
1393,528517,3
1394,667022,3
1395,667022,3
1396,498728,5
1397,498728,3
1398,517353,3
1399,502215,5
1400,502215,3
1401,609334,5
1402,609334,3
1403,609334,3
1404,535535,5
1405,499252,5
1406,499252,3
1407,677575,5
1408,677575,3
1409,677575,3
1410,677575,3
1411,583141,5
1412,580787,5
1413,580787,3
1414,540139,5
1415,540139,3
1416,621586,5
1417,514283,5
1418,514283,5
1419,581665,5
1420,581665,3
1421,581665,3
1422,581665,3
1423,582835,5
1424,582835,3
1425,582835,3
1426,619318,5
1427,619318,3
1428,619318,3
1429,595550,5
1430,595550,3
1431,595550,3
1432,511626,3
1433,542432,5
1434,535304,5
1435,535304,3
1436,585240,5
1437,585240,3
1438,585240,3
1439,585240,3
1440,586353,3
1441,536099,5
1442,536099,3
1443,547647,5
1444,547647,5
1445,547647,3
1446,547647,3
1447,547647,3
1448,13842,5
1449,13842,3
1450,13842,3
1451,13842,3
1452,527182,5
1453,539046,5
1454,539046,3
1455,539046,3
1456,616096,3
1457,616096,3
1458,611601,5
1459,621327,5
1460,621327,3
1461,621327,3
1462,652287,5
1463,652287,3
1464,642280,5
1465,642280,3
1466,642280,3
1467,584234,5
1468,584234,3
1469,565949,5
1470,565949,3
1471,670380,5
1472,670380,3
1473,670380,3
1474,615541,3
1475,504058,3
1476,623537,5
1477,623537,3
1478,623537,3
1479,645396,5
1480,645396,3
1481,645396,3
1482,650734,5
1483,650734,3
1484,650734,3
1485,650734,3
1486,521801,5
1487,521801,3
1488,521801,3
1489,645502,3
1490,587507,5
1491,587507,3
1492,587507,3
1493,516724,5
1494,516724,3
1495,516724,3
1496,613327,5
1497,657894,5
1498,657894,3
1499,536906,5
1500,536906,3
1501,536906,3
1502,536906,3
1503,646784,5
1504,646784,5
1505,646784,3
1506,653078,5
1507,653078,5
1508,653078,3
1509,657191,5
1510,657191,3
1511,657191,3
1512,503718,5
1513,503718,3
1514,503718,3
1515,623386,3
1516,623386,3
1517,623386,3
1518,510843,5
1519,520975,5
1520,520975,3
1521,520975,3
1522,667089,5
1523,667089,5
1524,667089,3
1525,667089,3
1526,667089,3
1527,664540,3
1528,664540,3
1529,664540,3
1530,676594,5
1531,676594,3
1532,676594,3
1533,650763,5
1534,650763,3
1535,644270,5
1536,644270,3
1537,672650,5
1538,622252,5
1539,622252,3
1540,581344,3
1541,535139,5
1542,535139,3
1543,535139,3
1544,535139,3
1545,510844,5
1546,510844,3
1547,622838,5
1548,622838,3
1549,554778,5
1550,554778,3
1551,554778,3
1552,665895,5
1553,665895,3
1554,581244,5
1555,581244,3
1556,581244,3
1557,562157,5
1558,562157,3
1559,578892,5
1560,578892,3
1561,5349,5
1562,523005,3
1563,575777,5
1564,578704,5
1565,578704,3
1566,594005,5
1567,594005,3
1568,594005,3
1569,11267,5
1570,11267,3
1571,579512,5
1572,622140,5
1573,622140,3
1574,622140,3
1575,542071,5
1576,542071,3
1577,7574,5
1578,7574,3
1579,7574,3
1580,662456,5
1581,662456,3
1582,662456,3
1583,662456,3
1584,9348,3
1585,614505,5
1586,614505,3
1587,521434,5
1588,521434,3
1589,11298,3
1590,11298,5
1591,519252,5
1592,519252,3
1593,519252,3
1594,579933,5
1595,579933,3
1596,647215,5
1597,647215,3
1598,535409,5
1599,535409,3
1600,671277,5
1601,671277,3
1602,13309,5
1603,13309,3
1604,13309,3
1605,619628,3
1606,619628,3
1607,619628,3
1608,497554,5
1609,532099,5
1610,660496,5
1611,660496,3
1612,660496,3
1613,615999,5
1614,615999,3
1615,613510,5
1616,613510,3
1617,613510,3
1618,613510,3
1619,561633,5
1620,561633,3
1621,561633,3
1622,586714,5
1623,586714,3
1624,614654,5
1625,658189,5
1626,658189,3
1627,570475,5
1628,570475,3
1629,499995,5
1630,499995,3
1631,581914,5
1632,576357,5
1633,617728,5
1634,617728,3
1635,617728,3
1636,618757,5
1637,535049,5
1638,612586,5
1639,612586,3
1640,619748,5
1641,619748,5
1642,619748,3
1643,619748,3
1644,583415,5
1645,583415,3
1646,594104,5
1647,594104,3
1648,594104,3
1649,673436,5
1650,673436,3
1651,673436,3
1652,673436,3
1653,676156,5
1654,618740,5
1655,618740,3
1656,660587,5
1657,660587,3
1658,660587,3
1659,616691,5
1660,616691,3
1661,611376,5
1662,611376,3
1663,520783,5
1664,555085,5
1665,555085,3
1666,579373,5
1667,579373,3
1668,536256,5
1669,536256,3
1670,506573,5
1671,506573,3
1672,585502,5
1673,538966,5
1674,538966,3
1675,538966,3
1676,500318,3
1677,585562,5
1678,585562,3
1679,579918,5
1680,579918,3
1681,579918,3
1682,678295,5
1683,678295,3
1684,559507,5
1685,542249,3
1686,542249,3
1687,568362,5
1688,568362,3
1689,559719,5
1690,559719,3
1691,559719,3
1692,559719,3
1693,560504,3
1694,560504,3
1695,678778,3
1696,581798,3
1697,511394,5
1698,511394,3
1699,535719,3
1700,583617,5
1701,645322,3
1702,544933,5
1703,544933,3
1704,614155,5
1705,614155,3
1706,614155,3
1707,560560,5
1708,560560,3
1709,553966,5
1710,581023,5
1711,581023,3
1712,538726,3
1713,583690,5
1714,566202,5
1715,497891,5
1716,516316,5
1717,612000,3
1718,518256,5
1719,518256,3
1720,519084,5
1721,519084,3
1722,519084,3
1723,519084,3
1724,559250,5
1725,559250,3
1726,559250,3
1727,618675,5
1728,618675,3
1729,647851,5
1730,535525,5
1731,535525,3
1732,535525,3
1733,535525,3
1734,619161,5
1735,619161,3
1736,619161,3
1737,679869,5
1738,645083,5
1739,645083,3
1740,661010,5
1741,661010,3
1742,516103,5
1743,516103,3
1744,666598,5
1745,666598,3
1746,561656,5
1747,561656,3
1748,499797,5
1749,499797,3
1750,499797,3
1751,661311,5
1752,661311,3
1753,517584,5
1754,514726,5
1755,514726,3
1756,655727,5
1757,655727,3
1758,655727,3
1759,10238,3
1760,530611,5
1761,530611,3
1762,536059,5
1763,536059,3
1764,665863,5
1765,665863,3
1766,497765,5
1767,497765,3
1768,497765,3
1769,670656,5
1770,670656,3
1771,8599,5
1772,560537,5
1773,560537,3
1774,580498,5
1775,580498,3
1776,580498,3
1777,580498,3
1778,564397,5
1779,564397,3
1780,562545,5
1781,562545,3
1782,549694,5
1783,549694,3
1784,549694,3
1785,577186,5
1786,577186,3
1787,577186,3
1788,560052,5
1789,662170,5
1790,662170,3
1791,662170,3
1792,13839,5
1793,13839,3
1794,499201,5
1795,499201,3
1796,13392,5
1797,559930,5
1798,559930,3
1799,641704,5
1800,531103,5
1801,531103,3
1802,582295,5
1803,582295,3
1804,582295,3
1805,577873,5
1806,503314,5
1807,503314,3
1808,503314,3
1809,574027,5
1810,574027,3
1811,594614,5
1812,670464,5
1813,670464,3
1814,670464,3
1815,665660,5
1816,665660,3
1817,515425,5
1818,515425,3
1819,508708,5
1820,508708,3
1821,664747,5
1822,664747,3
1823,664478,5
1824,664478,3
1825,506251,5
1826,506251,3
1827,506251,3
1828,578054,5
1829,578054,3
1830,578054,3
1831,578054,3
1832,679787,5
1833,679787,3
1834,679787,3
1835,679787,3
1836,576414,5
1837,576414,3
1838,615263,5
1839,615263,3
1840,615263,3
1841,673328,5
1842,5260,5
1843,5260,5
1844,5260,5
1845,5260,3
1846,5260,3
1847,580903,5
1848,580903,3
1849,646405,5
1850,554507,3
1851,652335,5
1852,652335,3
1853,15447,5
1854,15447,3
1855,663553,5
1856,663553,3
1857,517618,5
1858,517618,3
1859,584000,5
1860,504895,5
1861,584327,5
1862,584327,3
1863,584327,3
1864,498020,5
1865,560229,5
1866,648588,5
1867,648588,3
1868,604520,5
1869,585063,5
1870,559495,5
1871,559495,3
1872,559495,3
1873,620950,5
1874,620950,3
1875,539063,5
1876,539063,3
1877,580808,5
1878,535568,5
1879,535568,3
1880,654319,3
1881,645086,5
1882,645086,3
1883,645086,3
1884,511616,5
1885,511616,3
1886,517499,3
1887,517499,3
1888,504895,3
1889,504895,3
1890,650030,5
1891,650030,3
1892,650030,3
1893,680021,5
1894,679058,5
1895,679058,3
1896,679058,3
1897,663315,5
1898,663315,3
1899,663315,3
1900,589282,5
1901,589282,3
1902,589282,3
1903,560833,5
1904,560833,3
1905,507434,5
1906,673568,5
1907,673568,3
1908,672421,5
1909,672421,3
1910,667195,5
1911,667195,3
1912,667195,3
1913,582832,5
1914,582832,3
1915,582832,3
1916,583844,5
1917,583844,3
1918,528987,5
1919,528987,3
1920,613710,5
1921,613710,3
1922,666548,5
1923,666548,3
1924,666548,3
1925,666548,3
1926,670807,5
1927,670807,3
1928,644946,5
1929,556627,5
1930,511863,5
1931,511863,3
1932,511863,3
1933,660219,5
1934,517368,5
1935,673920,5
1936,673920,3
1937,582136,5
1938,582136,3
1939,582136,3
1940,667077,5
1941,562168,5
1942,562168,3
1943,558197,5
1944,558197,3
1945,558197,3
1946,558197,3
1947,544607,5
1948,544607,3
1949,544607,3
1950,667488,5
1951,667488,3
1952,667488,3
1953,651523,5
1954,651523,3
1955,651523,3
1956,658297,5
1957,658297,3
1958,534890,5
1959,534890,3
1960,534890,3
1961,530767,5
1962,530767,3
1963,530767,3
1964,583217,5
1965,583217,3
1966,549275,5
1967,549275,3
1968,549275,3
1969,673817,3
1970,526974,3
1971,526974,3
1972,561093,5
1973,561093,3
1974,614589,5
1975,574469,5
1976,671696,5
1977,671696,3
1978,597330,5
1979,669401,5
1980,545540,3
1981,545540,3
1982,7603,5
1983,7603,3
1984,7603,3
1985,644887,5
1986,644887,3
1987,580704,5
1988,580704,3
1989,580704,3
1990,672474,5
1991,672474,3
1992,672474,3
1993,8927,5
1994,8927,3
1995,8927,3
1996,8927,3
1997,561170,5
1998,671772,5
1999,671772,3
2000,671772,3
2001,520295,5
2002,497796,5
2003,497796,3
2004,9606,3
2005,9606,3
2006,499606,3
2007,499606,3
2008,618536,5
2009,618536,3
2010,646830,5
2011,520447,3
2012,672123,5
2013,672123,3
2014,663595,3
2015,517433,5
2016,517433,3
2017,517433,3
2018,617088,5
2019,617088,3
2020,617088,3
2021,617795,5
2022,617795,3
2023,617795,3
2024,591310,5
2025,591310,3
2026,672745,5
2027,672745,3
2028,662580,5
2029,613833,3
2030,613833,3
2031,582180,5
2032,582180,3
2033,582180,3
2034,651201,5
2035,651201,3
2036,651201,3
2037,617800,5
2038,617800,3
2039,617800,3
2040,671871,3
2041,671620,5
2042,554621,5
2043,554621,3
2044,499937,5
2045,501621,5
2046,535211,5
2047,535211,3
2048,670726,3
2049,674511,5
2050,674511,3
2051,663339,5
2052,663339,3
2053,579846,5
2054,579846,3
2055,579846,3
2056,5196,5
2057,567884,5
2058,567884,3
2059,567884,3
2060,560559,5
2061,560559,3
2062,560559,3
2063,510836,5
2064,510836,3
2065,510836,3
2066,651389,5
2067,651389,3
2068,499819,3
2069,499819,3
2070,583295,5
2071,583295,3
2072,583295,3
2073,543809,5
2074,543809,3
2075,543809,3
2076,536820,5
2077,670014,5
2078,670014,3
2079,670014,3
2080,530522,5
2081,667577,3
2082,667577,3
2083,667577,3
2084,618649,5
2085,618649,3
2086,618649,3
2087,649860,5
2088,649860,3
2089,649860,3
2090,671186,5
2091,671186,3
2092,671186,3
2093,669828,5
2094,669828,3
2095,10769,3
2096,664404,5
2097,664404,3
2098,654099,3
2099,654099,3
2100,670539,5
2101,665615,5
2102,665615,3
2103,506335,5
2104,506335,3
2105,531043,5
2106,531043,3
2107,640976,5
2108,640976,3
2109,640976,3
2110,535853,3
2111,535853,3
2112,674088,5
2113,525351,5
2114,525351,3
2115,525351,3
2116,572967,5
2117,645541,5
2118,645541,3
2119,645541,3
2120,619233,5
2121,619233,3
2122,506960,5
2123,506960,3
2124,506960,3
2125,538299,5
2126,538299,3
2127,672653,5
2128,8858,3
2129,8858,3
2130,8858,3
2131,499144,5
2132,581195,5
2133,581195,3
2134,581195,3
2135,583721,3
2136,611405,5
2137,611405,3
2138,517272,5
2139,655741,3
2140,581848,5
2141,672298,5
2142,669835,3
2143,672459,5
2144,534686,5
2145,534686,3
2146,535091,5
2147,535091,3
2148,535091,3
2149,1137,5
2150,1137,3
2151,671528,5
2152,644921,5
2153,670825,5
2154,670440,5
2155,670440,3
2156,670440,3
2157,674465,5
2158,674465,3
2159,660054,5
2160,660054,3
2161,593910,5
2162,593910,3
2163,593910,3
2164,560334,5
2165,671336,5
2166,671336,3
2167,566051,5
2168,566051,3
2169,616516,5
2170,616516,3
2171,616516,3
2172,669341,5
2173,654165,5
2174,654165,3
2175,538821,5
2176,538821,3
2177,670426,3
2178,11060,5
2179,623327,3
2180,623327,3
2181,672117,5
2182,527207,5
2183,672809,5
2184,674671,5
2185,674671,3
2186,674671,3
2187,674671,3
2188,673216,5
2189,673216,3
2190,643199,5
2191,671879,5
2192,666766,3
2193,666766,3
2194,672473,5
2195,672473,3
2196,672473,3
2197,672473,3
2198,555499,5
2199,555499,3
2200,535183,5
2201,535183,3
2202,564729,5
2203,655155,5
2204,655155,3
2205,655155,3
2206,554593,5
2207,554593,3
2208,612222,5
2209,612222,3
2210,581349,5
2211,581349,3
2212,611664,3
2213,611664,3
2214,583121,5
2215,583121,3
2216,525690,3
2217,505374,5
2218,553568,5
2219,553568,3
2220,553568,3
2221,553568,3
2222,579947,5
2223,579947,3
2224,579947,3
2225,672019,5
2226,672019,3
2227,501344,5
2228,501344,3
2229,501344,3
2230,583627,5
2231,583627,3
2232,583627,3
2233,583627,3
2234,658180,5
2235,602614,5
2236,602614,3
2237,602614,3
2238,506253,5
2239,506253,3
2240,561248,5
2241,608645,5
2242,608645,3
2243,672142,5
2244,672142,3
2245,655248,5
2246,655248,3
2247,621843,5
2248,621843,3
2249,569891,5
2250,569891,3
2251,569891,3
2252,510460,5
2253,510460,3
2254,616420,5
2255,672691,5
2256,672691,3
2257,2146,5
2258,2146,3
2259,2146,3
2260,672244,5
2261,672244,3
2262,619889,5
2263,619889,3
2264,619889,3
2265,507514,5
2266,673783,5
2267,673783,3
2268,584951,5
2269,584951,3
2270,584951,3
2271,583689,3
2272,583689,3
2273,583689,3
2274,581571,5
2275,581571,3
2276,620582,5
2277,620582,3
2278,620582,3
2279,670004,5
2280,559766,5
2281,14358,5
2282,14358,3
2283,14358,3
2284,562078,5
2285,562078,3
2286,659581,5
2287,659581,3
2288,659581,3
2289,673481,5
2290,673481,3
2291,673481,3
2292,673168,5
2293,673168,3
2294,673168,3
2295,553845,5
2296,553845,3
2297,613176,3
2298,613176,3
2299,613176,3
2300,671350,3
2301,666910,5
2302,580356,5
2303,580356,3
2304,580356,3
2305,576127,5
2306,576127,3
2307,665006,5
2308,510648,5
2309,510648,3
2310,510648,3
2311,553969,5
2312,553969,3
2313,519589,5
2314,561132,5
2315,561132,3
2316,580761,5
2317,580761,3
2318,509837,5
2319,509837,3
2320,509837,3
2321,509837,3
2322,520678,5
2323,555553,5
2324,555553,3
2325,621365,5
2326,621365,3
2327,506404,5
2328,506404,3
2329,506404,3
2330,672100,5
2331,613850,5
2332,613850,3
2333,672414,5
2334,672414,3
2335,672414,3
2336,672414,3
2337,658906,5
2338,658906,5
2339,658906,3
2340,559769,5
2341,559769,3
2342,616313,5
2343,616313,3
2344,616313,3
2345,620190,5
2346,620190,3
2347,620190,3
2348,670574,5
2349,670574,3
2350,590164,5
2351,590164,3
2352,590164,3
2353,543844,5
2354,543844,5
2355,543844,3
2356,498333,5
2357,646285,5
2358,660339,5
2359,660339,3
2360,660339,3
2361,671083,5
2362,671083,3
2363,671310,5
2364,671310,3
2365,671310,3
2366,672389,3
2367,576564,3
2368,564770,5
2369,564770,3
2370,564770,3
2371,673960,3
2372,574881,5
2373,528399,5
2374,528399,3
2375,533191,5
2376,533191,3
2377,673753,5
2378,673753,3
2379,559604,5
2380,559604,3
2381,559604,3
2382,673225,5
2383,497851,5
2384,497851,3
2385,497851,3
2386,497851,3
2387,517073,5
2388,670560,5
2389,670560,3
2390,535187,5
2391,667755,5
2392,536397,5
2393,536397,3
2394,671792,5
2395,671792,3
2396,671792,3
2397,620528,3
2398,561543,5
2399,561543,3
2400,671474,5
2401,671474,3
2402,665792,3
2403,616071,5
2404,616071,3
2405,616071,3
2406,616071,3
2407,585490,5
2408,517038,5
2409,517038,3
2410,517038,3
2411,574756,5
2412,574756,3
2413,672758,5
2414,672758,3
2415,641277,5
2416,641277,3
2417,641277,3
2418,652026,5
2419,559217,5
2420,559217,5
2421,577599,5
2422,674379,3
2423,674379,3
2424,657239,5
2425,5690,5
2426,531320,5
2427,531320,3
2428,531320,3
2429,673232,5
2430,673232,3
2431,673232,3
2432,574267,5
2433,574267,3
2434,497838,5
2435,497838,3
2436,615663,5
2437,615663,3
2438,615663,3
2439,597772,5
2440,597772,3
2441,597772,3
2442,575772,5
2443,575772,3
2444,575772,3
2445,665001,5
2446,667233,3
2447,667233,3
2448,667233,3
2449,670881,3
2450,670881,3
2451,670881,3
2452,657589,5
2453,644232,3
2454,579937,5
2455,611722,5
2456,611722,3
2457,674022,5
2458,674022,3
2459,674188,5
2460,517122,5
2461,517122,3
2462,577717,5
2463,528260,5
2464,572430,5
2465,510060,5
2466,510060,3
2467,510060,3
2468,545990,5
2469,541370,5
2470,541370,3
2471,541370,3
2472,8468,3
2473,671589,5
2474,671061,5
2475,671061,3
2476,671061,5
2477,671061,5
2478,516955,5
2479,674001,3
2480,669893,3
2481,669893,3
2482,669893,3
2483,673668,5
2484,575373,5
2485,615410,5
2486,615410,3
2487,615410,3
2488,508724,5
2489,508724,3
2490,508724,3
2491,568136,5
2492,568136,3
2493,568136,3
2494,621326,3
2495,621326,3
2496,500555,5
2497,518372,5
2498,518372,3
2499,588290,5
2500,588290,3
2501,650456,5
2502,654952,5
2503,654952,3
2504,654952,3
2505,654681,5
2506,616287,5
2507,616287,3
2508,616287,3
2509,571054,5
2510,571054,3
2511,623572,5
2512,621116,5
2513,621116,3
2514,644253,5
2515,644253,5
2516,618832,5
2517,618832,3
2518,662562,5
2519,662562,3
2520,662562,3
2521,540921,5
2522,540921,3
2523,540921,3
2524,646852,5
2525,646852,3
2526,566244,5
2527,566244,3
2528,623358,3
2529,623358,3
2530,765,5
2531,765,3
2532,765,3
2533,532314,5
2534,532314,3
2535,532314,3
2536,539548,5
2537,539548,3
2538,545758,5
2539,3630,5
2540,498134,5
2541,498134,3
2542,666759,5
2543,666759,3
2544,666759,3
2545,646296,5
2546,646296,3
2547,611859,5
2548,591315,5
2549,591315,3
2550,497205,5
2551,640201,5
2552,534529,3
2553,501688,5
2554,662046,5
2555,662046,3
2556,651920,5
2557,651920,3
2558,651920,3
2559,655504,5
2560,655504,3
2561,587262,5
2562,587262,3
2563,623034,3
2564,622333,5
2565,622333,3
2566,620467,5
2567,620467,3
2568,510212,3
2569,664041,5
2570,664041,3
2571,650147,5
2572,650147,3
2573,621611,5
2574,621611,3
2575,621611,3
2576,622171,5
2577,622171,3
2578,650841,5
2579,581685,5
2580,517393,5
2581,517393,3
2582,1077,5
2583,1077,3
2584,1077,3
2585,544187,5
2586,544187,3
2587,544187,3
2588,621168,3
2589,621168,3
2590,621168,3
2591,553608,5
2592,553608,3
2593,592329,5
2594,654743,5
2595,654743,3
2596,654743,3
2597,4633,5
2598,4633,3
2599,621917,5
2600,621917,3
2601,621917,3
2602,641656,3
2603,517005,5
2604,517005,3
2605,587705,5
2606,662407,5
2607,662407,3
2608,579353,5
2609,646706,5
2610,646706,3
2611,646706,3
2612,646706,3
2613,516725,5
2614,516725,3
2615,661203,5
2616,661203,3
2617,619778,5
2618,534956,5
2619,535133,5
2620,535133,3
2621,535133,3
2622,668696,5
2623,668696,3
2624,668696,3
2625,534790,5
2626,534790,3
2627,518979,5
2628,518979,3
2629,503548,5
2630,503548,3
2631,503548,3
2632,560330,5
2633,560330,3
2634,560330,3
2635,498611,5
2636,498611,3
2637,498611,3
2638,4978,3
2639,592869,5
2640,655411,5
2641,655411,3
2642,655411,3
2643,580701,5
2644,580701,5
2645,580701,3
2646,580701,3
2647,661560,5
2648,654512,5
2649,654512,3
2650,654512,3
2651,615415,3
2652,649123,5
2653,569435,5
2654,651147,5
2655,646843,5
2656,646843,3
2657,665785,5
2658,665785,3
2659,538246,5
2660,538246,3
2661,662784,5
2662,580818,3
2663,581185,5
2664,581185,3
2665,554876,5
2666,554876,3
2667,554876,3
2668,644972,5
2669,644972,3
2670,640450,5
2671,640450,3
2672,640450,3
2673,3298,5
2674,3298,5
2675,3298,5
2676,3298,3
2677,669119,5
2678,658874,5
2679,514271,5
2680,646217,5
2681,646217,3
2682,520303,5
2683,520303,3
2684,520303,3
2685,576222,5
2686,659010,5
2687,497785,5
2688,497785,3
2689,497785,3
2690,647896,5
2691,658633,5
2692,651033,5
2693,651033,3
2694,664761,5
2695,664761,3
2696,666047,5
2697,666047,3
2698,666047,3
2699,645487,5
2700,645487,3
2701,645487,3
2702,645487,3
2703,527370,5
2704,527370,3
2705,519807,5
2706,519807,3
2707,519807,3
2708,669549,5
2709,666378,5
2710,666378,5
2711,666378,5
2712,581643,3
2713,618360,5
2714,618360,3
2715,618360,3
2716,556152,5
2717,556152,3
2718,556152,3
2719,517286,5
2720,517286,3
2721,517286,3
2722,561176,5
2723,655655,5
2724,655655,3
2725,540833,5
2726,581781,5
2727,659074,5
2728,659140,5
2729,621891,5
2730,621891,3
2731,622079,5
2732,622079,3
2733,570793,5
2734,570793,3
2735,651071,5
2736,12300,5
2737,510351,5
2738,510351,3
2739,581615,5
2740,617412,5
2741,617412,3
2742,517654,5
2743,579758,5
2744,663091,5
2745,663091,3
2746,663091,3
2747,498261,3
2748,498261,3
2749,650032,3
2750,650032,3
2751,580495,5
2752,580495,3
2753,584749,3
2754,669087,5
2755,657916,5
2756,649979,5
2757,649979,3
2758,649979,3
2759,663479,5
2760,663479,3
2761,663479,3
2762,663479,3
2763,550378,5
2764,550378,3
2765,500893,5
2766,655796,3
2767,655796,3
2768,616881,5
2769,616881,3
2770,616881,3
2771,562839,5
2772,616882,5
2773,616882,3
2774,538116,5
2775,502272,5
2776,502272,3
2777,669532,3
2778,669532,3
2779,648227,5
2780,648227,3
2781,596221,3
2782,596221,3
2783,642734,5
2784,642734,3
2785,572924,5
2786,572924,3
2787,664245,5
2788,643405,5
2789,559319,5
2790,559319,3
2791,508346,5
2792,508346,3
2793,508346,3
2794,656990,5
2795,656990,3
2796,656990,3
2797,645218,5
2798,645218,3
2799,579030,5
2800,579030,3
2801,579030,3
2802,664150,5
2803,664150,3
2804,664150,3
2805,664150,3
2806,667595,5
2807,667595,3
2808,662080,3
2809,620878,5
2810,620878,3
2811,658762,5
2812,658762,3
2813,651934,5
2814,651934,3
2815,620818,5
2816,620818,3
2817,641073,5
2818,620075,5
2819,620075,3
2820,620075,3
2821,613904,3
2822,499067,5
2823,499067,5
2824,499067,3
2825,499067,3
2826,8002,3
2827,664640,5
2828,500265,5
2829,500265,3
2830,500265,3
2831,562073,5
2832,562073,3
2833,598472,5
2834,598472,3
2835,575650,3
2836,611567,5
2837,611689,5
2838,611689,3
2839,611689,3
2840,559241,3
2841,575082,5
2842,575082,3
2843,644622,5
2844,8799,5
2845,8799,3
2846,8799,3
2847,531679,5
2848,531679,3
2849,531679,3
2850,515972,5
2851,515972,3
2852,641610,5
2853,641610,3
2854,641610,3
2855,511672,5
2856,511672,3
2857,511672,3
2858,511672,3
2859,650865,5
2860,650865,3
2861,528789,5
2862,528789,3
2863,528789,3
2864,663752,5
2865,663752,3
2866,580864,5
2867,545713,5
2868,560609,5
2869,560609,3
2870,560609,3
2871,11036,5
2872,11036,3
2873,658905,5
2874,658905,3
2875,585014,3
2876,585014,3
2877,574869,5
2878,574869,3
2879,658012,5
2880,658012,3
2881,658012,3
2882,658012,3
2883,614000,5
2884,535335,5
2885,535335,3
2886,584545,5
2887,584545,5
2888,584545,3
2889,664802,5
2890,516936,5
2891,516936,3
2892,516936,3
2893,622259,5
2894,622259,3
2895,611534,5
2896,652141,5
2897,652141,3
2898,652141,3
2899,669349,5
2900,669349,3
2901,669349,3
2902,9736,5
2903,9736,3
2904,666914,5
2905,661024,5
2906,661024,3
2907,507053,5
2908,507053,3
2909,664201,5
2910,4923,5
2911,4923,3
2912,617211,5
2913,1332,5
2914,1332,3
2915,660726,5
2916,669394,5
2917,584506,5
2918,553135,5
2919,553135,3
2920,553135,3
2921,535813,5
2922,535813,3
2923,582839,5
2924,582839,3
2925,582839,3
2926,659682,5
2927,540618,5
2928,656416,5
2929,656416,3
2930,568799,5
2931,568799,3
2932,516239,5
2933,516239,3
2934,651244,5
2935,651244,3
2936,559251,5
2937,559251,3
2938,568095,5
2939,568095,3
2940,656606,5
2941,656606,3
2942,656606,3
2943,658628,5
2944,622388,5
2945,622388,3
2946,542430,5
2947,542430,3
2948,656770,5
2949,656770,3
2950,499443,5
2951,499443,3
2952,666885,5
2953,666885,3
2954,666885,3
2955,613982,5
2956,613982,3
2957,613982,3
2958,498100,5
2959,650906,5
2960,592614,5
2961,592614,3
2962,662371,5
2963,662371,3
2964,667449,5
2965,651424,5
2966,651506,5
2967,651506,3
2968,651506,3
2969,646320,5
2970,646320,3
2971,515949,5
2972,668880,3
2973,614585,5
2974,666256,5
2975,666256,3
2976,583959,5
2977,583959,3
2978,643765,5
2979,643765,3
2980,643765,3
2981,643765,3
2982,584917,5
2983,510235,5
2984,510235,3
2985,498552,5
2986,498552,3
2987,591698,5
2988,591698,3
2989,656145,5
2990,559664,5
2991,559664,3
2992,559664,3
2993,663588,5
2994,663588,3
2995,663588,3
2996,499268,3
2997,499268,3
2998,499268,3
2999,662800,5
3000,662800,3
3001,645402,5
3002,645402,3
3003,645402,3
3004,647216,5
3005,647216,3
3006,647216,3
3007,659766,5
3008,659766,3
3009,549776,5
3010,619070,5
3011,619070,5
3012,498910,5
3013,498910,3
3014,498910,3
3015,656876,5
3016,656876,3
3017,656876,3
3018,585779,3
3019,667643,5
3020,565007,5
3021,565007,3
3022,519679,3
3023,499967,5
3024,499967,3
3025,658487,5
3026,658487,3
3027,623799,5
3028,623799,3
3029,498906,5
3030,560446,5
3031,11466,5
3032,621276,5
3033,656856,5
3034,656856,3
3035,669444,5
3036,669444,5
3037,669444,3
3038,535915,3
3039,535915,3
3040,665463,5
3041,665463,3
3042,665463,3
3043,516695,3
3044,577249,5
3045,534542,5
3046,534542,3
3047,616282,5
3048,616282,3
3049,648137,5
3050,12436,5
3051,621568,5
3052,535647,3
3053,570346,5
3054,570346,3
3055,622462,3
3056,622462,3
3057,622462,3
3058,652221,5
3059,651645,5
3060,617974,5
3061,617974,3
3062,617974,3
3063,617974,3
3064,642749,5
3065,642749,3
3066,617764,5
3067,617764,3
3068,622463,5
3069,652176,5
3070,652176,3
3071,535622,5
3072,535622,5
3073,660591,5
3074,578254,5
3075,578254,3
3076,578254,3
3077,663210,5
3078,498086,5
3079,498086,3
3080,498086,3
3081,498086,3
3082,581666,5
3083,581666,3
3084,640941,5
3085,644227,5
3086,644227,3
3087,644227,3
3088,620500,5
3089,620500,3
3090,517682,3
3091,517682,3
3092,644519,5
3093,650427,3
3094,663513,3
3095,661601,5
3096,661601,3
3097,661601,3
3098,579928,5
3099,579928,3
3100,579928,3
3101,579393,5
3102,579393,3
3103,579393,3
3104,15033,3
3105,525589,3
3106,525589,3
3107,645077,5
3108,645077,3
3109,645077,3
3110,550961,5
3111,550961,3
3112,642116,3
3113,642116,3
3114,611070,3
3115,581464,3
3116,531088,5
3117,531088,3
3118,531088,3
3119,655352,5
3120,646500,5
3121,498875,5
3122,608031,3
3123,608031,3
3124,663478,5
3125,651578,5
3126,621555,5
3127,583169,5
3128,583169,3
3129,583169,3
3130,583169,3
3131,644547,3
3132,549833,5
3133,549833,3
3134,644167,5
3135,7911,3
3136,7911,3
3137,507868,5
3138,507868,3
3139,507868,3
3140,497833,5
3141,497833,3
3142,538744,5
3143,538744,3
3144,564689,5
3145,564689,3
3146,501544,5
3147,612657,5
3148,612657,3
3149,612657,3
3150,498175,5
3151,498175,3
3152,498175,3
3153,560719,5
3154,560719,3
3155,622220,5
3156,622220,3
3157,565507,5
3158,654734,5
3159,654734,3
3160,581035,5
3161,581035,3
3162,1818,3
3163,577677,5
3164,577677,3
3165,577677,3
3166,588541,3
3167,588728,5
3168,2044,5
3169,2044,3
3170,2044,3
3171,528896,5
3172,528896,3
3173,528896,3
3174,667923,5
3175,667923,3
3176,667923,3
3177,667923,3
3178,562133,5
3179,529358,5
3180,529358,3
3181,622038,5
3182,622038,3
3183,660553,5
3184,658707,5
3185,658707,3
3186,582456,5
3187,582456,3
3188,665687,5
3189,665687,3
3190,665687,3
3191,665687,3
3192,651043,5
3193,613891,5
3194,613891,3
3195,644003,5
3196,644003,3
3197,521385,3
3198,521385,3
3199,578737,5
3200,578737,3
3201,578737,3
3202,578737,3
3203,647632,5
3204,668996,5
3205,668996,3
3206,651003,3
3207,651003,3
3208,651003,3
3209,11045,5
3210,11045,3
3211,11045,3
3212,660353,5
3213,660353,3
3214,660353,3
3215,656997,3
3216,596562,5
3217,662328,5
3218,662328,3
3219,662328,3
3220,7516,5
3221,7516,3
3222,650260,5
3223,650260,3
3224,650260,3
3225,645461,5
3226,645461,3
3227,9448,5
3228,599787,3
3229,599787,3
3230,574932,5
3231,599874,5
3232,649345,5
3233,649345,3
3234,666041,3
3235,666041,3
3236,666041,3
3237,611307,5
3238,611307,3
3239,576953,5
3240,611795,5
3241,518352,5
3242,518352,3
3243,518352,3
3244,497169,5
3245,497169,3
3246,497169,3
3247,664087,5
3248,665681,5
3249,665681,3
3250,621782,5
3251,647927,5
3252,647927,3
3253,535760,3
3254,535760,3
3255,646757,5
3256,541524,3
3257,517608,5
3258,517608,3
3259,561764,5
3260,561764,3
3261,554229,5
3262,554229,3
3263,554229,3
3264,669396,5
3265,669396,3
3266,575995,5
3267,575995,3
3268,500226,5
3269,500226,3
3270,500226,3
3271,529187,5
3272,529187,3
3273,650451,3
3274,516642,5
3275,516642,3
3276,516642,3
3277,564746,5
3278,564746,3
3279,564746,3
3280,6108,5
3281,6108,3
3282,6108,3
3283,662089,5
3284,662089,3
3285,662089,3
3286,579706,5
3287,579706,3
3288,527071,5
3289,527071,3
3290,527071,3
3291,519340,5
3292,519340,3
3293,660720,5
3294,517340,5
3295,517340,3
3296,516401,5
3297,516401,3
3298,662309,3
3299,668764,5
3300,668764,3
3301,668764,3
3302,646451,3
3303,646451,3
3304,623055,5
3305,518376,5
3306,518376,3
3307,521398,3
3308,666790,5
3309,666790,3
3310,666790,3
3311,640696,5
3312,640696,3
3313,640696,3
3314,503095,5
3315,498630,5
3316,498630,3
3317,572312,5
3318,572312,3
3319,654879,5
3320,654879,3
3321,662526,3
3322,662526,3
3323,10879,5
3324,10879,3
3325,602056,5
3326,602056,3
3327,521927,5
3328,521927,3
3329,578769,5
3330,578769,3
3331,643725,5
3332,664437,5
3333,662426,3
3334,662426,3
3335,661694,5
3336,661694,5
3337,661694,5
3338,613680,5
3339,663018,3
3340,11425,5
3341,11425,5
3342,11425,3
3343,668244,5
3344,662318,5
3345,662318,3
3346,622020,5
3347,605131,5
3348,605131,3
3349,664788,5
3350,658571,3
3351,658571,3
3352,621142,5
3353,621142,3
3354,658654,5
3355,658654,3
3356,658654,3
3357,568041,5
3358,568041,3
3359,616173,5
3360,616173,3
3361,650139,5
3362,650139,3
3363,661274,5
3364,661274,3
3365,661274,3
3366,657478,5
3367,657478,3
3368,659003,5
3369,659003,3
3370,662906,5
3371,668136,5
3372,668136,3
3373,667880,5
3374,667880,3
3375,500722,5
3376,518115,5
3377,518115,3
3378,656679,5
3379,656679,3
3380,528686,5
3381,546973,5
3382,546973,3
3383,520702,5
3384,520702,3
3385,666691,5
3386,666691,3
3387,642742,5
3388,642742,3
3389,642742,3
3390,666564,3
3391,666836,5
3392,666836,3
3393,666836,3
3394,649558,3
3395,649558,3
3396,559368,5
3397,559368,3
3398,559368,3
3399,643999,5
3400,643999,3
3401,622309,5
3402,622309,3
3403,666206,5
3404,575337,5
3405,553537,3
3406,658187,5
3407,658187,3
3408,575285,5
3409,575285,3
3410,575285,3
3411,559542,5
3412,623207,5
3413,623207,3
3414,623207,3
3415,663874,5
3416,578763,5
3417,536103,5
3418,536103,3
3419,536103,3
3420,663839,5
3421,541416,5
3422,652142,5
3423,667576,3
3424,667576,3
3425,667576,3
3426,657613,5
3427,616310,3
3428,646428,5
3429,646428,3
3430,650585,5
3431,650585,3
3432,650585,3
3433,589747,3
3434,533053,5
3435,498649,5
3436,498649,3
3437,525283,5
3438,580703,3
3439,497500,5
3440,619597,5
3441,539307,3
3442,659590,5
3443,645528,5
3444,645528,3
3445,645528,3
3446,600545,5
3447,600545,3
3448,536213,5
3449,536213,3
3450,621684,5
3451,621684,3
3452,621684,3
3453,615172,5
3454,548118,5
3455,12912,3
3456,651751,5
3457,651751,3
3458,651751,3
3459,651751,3
3460,549671,5
3461,549671,3
3462,549671,3
3463,662453,5
3464,613854,5
3465,613854,3
3466,646850,5
3467,646850,3
3468,556400,5
3469,621797,5
3470,621797,3
3471,669623,5
3472,544820,5
3473,544820,3
3474,541005,5
3475,541005,3
3476,541005,3
3477,560506,5
3478,561588,5
3479,10479,5
3480,661078,5
3481,661078,3
3482,529576,5
3483,529576,3
3484,529576,3
3485,644976,5
3486,644976,3
3487,601483,5
3488,646134,5
3489,497456,5
3490,497456,3
3491,617738,5
3492,617738,5
3493,9963,5
3494,650912,5
3495,650912,3
3496,620005,5
3497,620005,3
3498,526244,5
3499,534866,5
3500,612656,3
3501,13167,5
3502,13167,3
3503,14290,5
3504,14290,3
3505,499106,5
3506,646166,5
3507,560283,5
3508,560283,3
3509,643795,5
3510,545746,5
3511,607437,5
3512,607437,3
3513,643451,5
3514,643451,3
3515,643451,3
3516,643451,3
3517,657238,5
3518,515902,5
3519,515902,3
3520,578628,5
3521,578628,3
3522,651358,5
3523,530974,5
3524,530974,3
3525,530974,3
3526,620521,5
3527,560512,5
3528,13789,5
3529,13789,3
3530,610380,5
3531,664561,5
3532,657162,5
3533,657162,3
3534,500650,5
3535,500650,3
3536,500650,3
3537,582035,5
3538,582035,3
3539,665225,3
3540,623316,5
3541,658818,5
3542,658818,3
3543,658818,3
3544,654303,5
3545,654303,3
3546,654303,3
3547,654303,3
3548,584601,5
3549,584601,3
3550,13928,5
3551,644110,5
3552,644110,3
3553,662258,3
3554,503865,5
3555,660143,3
3556,614701,5
3557,658716,5
3558,658716,3
3559,580376,3
3560,652573,5
3561,607049,5
3562,607049,3
3563,607049,3
3564,607049,3
3565,530778,5
3566,512754,5
3567,512754,3
3568,582330,5
3569,582330,3
3570,582330,3
3571,652170,5
3572,500147,5
3573,500147,3
3574,500147,3
3575,656275,5
3576,527043,5
3577,536000,3
3578,519864,5
3579,519864,3
3580,519864,3
3581,561143,5
3582,561143,3
3583,559896,5
3584,559896,3
3585,618428,5
3586,618428,3
3587,584759,5
3588,584759,3
3589,499977,5
3590,544079,3
3591,603883,5
3592,552122,5
3593,552122,3
3594,613349,5
3595,656468,5
3596,662448,5
3597,606939,5
3598,606939,3
3599,606939,3
3600,663343,5
3601,663343,3
3602,663343,3
3603,644732,5
3604,644732,3
3605,656064,5
3606,656064,3
3607,623740,5
3608,623740,3
3609,623740,3
3610,651190,3
3611,651190,3
3612,660047,3
3613,618032,5
3614,659915,3
3615,618547,5
3616,656572,5
3617,656572,3
3618,656572,3
3619,669135,5
3620,669135,3
3621,669135,3
3622,641869,5
3623,641869,3
3624,515929,5
3625,599369,5
3626,599369,3
3627,599369,3
3628,646353,5
3629,645881,5
3630,645881,3
3631,645881,3
3632,499247,5
3633,622188,5
3634,657709,5
3635,657709,3
3636,584334,5
3637,584334,3
3638,580003,5
3639,651520,5
3640,11820,5
3641,603913,5
3642,603913,3
3643,580834,5
3644,580834,3
3645,580834,3
3646,522923,5
3647,622491,5
3648,622491,3
3649,622491,3
3650,559550,5
3651,559550,3
3652,662003,5
3653,662003,3
3654,657507,5
3655,667319,5
3656,667319,3
3657,622858,5
3658,622858,3
3659,622858,3
3660,656218,5
3661,656218,3
3662,622580,5
3663,622580,3
3664,622580,3
3665,645247,5
3666,645247,3
3667,645247,3
3668,516694,3
3669,622345,5
3670,622345,3
3671,647989,3
3672,647989,3
3673,647825,5
3674,647825,3
3675,647825,3
3676,517268,5
3677,659027,5
3678,660104,5
3679,660104,3
3680,534892,3
3681,534892,3
3682,512618,5
3683,498415,5
3684,498415,3
3685,498415,3
3686,622243,5
3687,622243,3
3688,667436,3
3689,667436,3
3690,527557,5
3691,562500,3
3692,551419,5
3693,551419,3
3694,551419,3
3695,659735,5
3696,650952,3
3697,664330,3
3698,664330,3
3699,578906,5
3700,534426,5
3701,534426,3
3702,616670,5
3703,531273,5
3704,654588,5
3705,654588,3
3706,519196,5
3707,519196,3
3708,519196,3
3709,517861,5
3710,517861,3
3711,13609,5
3712,662506,3
3713,662506,3
3714,15306,5
3715,650437,5
3716,650437,3
3717,650437,3
3718,650437,3
3719,15429,5
3720,652389,3
3721,623858,5
3722,650694,5
3723,513195,3
3724,536087,5
3725,536087,3
3726,536087,3
3727,14161,5
3728,663425,5
3729,663425,3
3730,646324,5
3731,667657,5
3732,656894,5
3733,656894,3
3734,666631,5
3735,666631,3
3736,669217,5
3737,669217,3
3738,669217,3
3739,501860,3
3740,546103,5
3741,546103,3
3742,575278,5
3743,575278,5
3744,665300,5
3745,665300,3
3746,12142,5
3747,529688,5
3748,560528,5
3749,560528,3
3750,560528,3
3751,13643,5
3752,13643,3
3753,641819,5
3754,641819,3
3755,538609,5
3756,660795,5
3757,660795,3
3758,623567,5
3759,623567,3
3760,560002,5
3761,610765,5
3762,610765,3
3763,610765,3
3764,663434,5
3765,663434,3
3766,663434,3
3767,655282,5
3768,655282,5
3769,655282,5
3770,655282,3
3771,548683,5
3772,548683,3
3773,501898,5
3774,663648,5
3775,659185,5
3776,664802,3
3777,664802,3
3778,560658,3
3779,560658,3
3780,548228,3
3781,548228,3
3782,612279,5
3783,612279,3
3784,584292,5
3785,584292,3
3786,584292,3
3787,582883,5
3788,582883,3
3789,582883,3
3790,617227,5
3791,617227,3
3792,516383,5
3793,516383,3
3794,617627,5
3795,617627,3
3796,578438,5
3797,585701,5
3798,585701,3
3799,554374,5
3800,517046,5
3801,579714,3
3802,536982,3
3803,560148,5
3804,560148,3
3805,530333,5
3806,530333,3
3807,583411,5
3808,588346,5
3809,588346,3
3810,588346,3
3811,618715,5
3812,618715,3
3813,618715,3
3814,528496,5
3815,528496,3
3816,528496,3
3817,618901,5
3818,618901,3
3819,579472,5
3820,527368,5
3821,527368,3
3822,582611,5
3823,584291,5
3824,502354,3
3825,502354,3
3826,584936,5
3827,584936,3
3828,584936,3
3829,620949,5
3830,620949,3
3831,620949,3
3832,579750,5
3833,579750,3
3834,579750,3
3835,505660,3
3836,582757,5
3837,582757,3
3838,582757,3
3839,591236,5
3840,591236,3
3841,591236,3
3842,591236,3
3843,592367,5
3844,592367,3
3845,585369,5
3846,585369,3
3847,585369,3
3848,594172,3
3849,594172,5
3850,594172,3
3851,594172,3
3852,613656,5
3853,538385,5
3854,538385,3
3855,584719,5
3856,5971,3
3857,5971,3
3858,499850,5
3859,499850,3
3860,535427,5
3861,620638,5
3862,596368,5
3863,612296,5
3864,612296,3
3865,534625,5
3866,534625,3
3867,534625,3
3868,619096,5
3869,536762,5
3870,611301,5
3871,611262,3
3872,611262,3
3873,585616,5
3874,550987,5
3875,583482,5
3876,561729,3
3877,560636,3
3878,580833,5
3879,580833,3
3880,580833,3
3881,8336,5
3882,8336,5
3883,8336,3
3884,8336,3
3885,618135,5
3886,561539,5
3887,559803,5
3888,559803,3
3889,616350,5
3890,616350,3
3891,620783,5
3892,620783,3
3893,587718,5
3894,535507,5
3895,535507,3
3896,535507,3
3897,580305,5
3898,580305,3
3899,580305,3
3900,585286,5
3901,593574,3
3902,613806,5
3903,613806,3
3904,613806,3
3905,613806,3
3906,555854,3
3907,555854,3
3908,583009,5
3909,583009,3
3910,583009,3
3911,497526,5
3912,497526,3
3913,497526,3
3914,578163,5
3915,578163,3
3916,578163,3
3917,616161,5
3918,616161,3
3919,616161,3
3920,551034,5
3921,616352,5
3922,616352,3
3923,576682,5
3924,576682,3
3925,576682,3
3926,576682,3
3927,535504,5
3928,535504,3
3929,535504,3
3930,614807,5
3931,584562,5
3932,584562,3
3933,614740,5
3934,614740,3
3935,582420,5
3936,582420,3
3937,582420,3
3938,583047,5
3939,614711,5
3940,501004,5
3941,618711,5
3942,582831,5
3943,582831,3
3944,621464,5
3945,621464,3
3946,499307,5
3947,499307,5
3948,499307,3
3949,499307,3
3950,616193,5
3951,522924,5
3952,514254,5
3953,514254,3
3954,8584,5
3955,10812,5
3956,10812,3
3957,10812,3
3958,584615,5
3959,584615,3
3960,616535,5
3961,616535,3
3962,616535,3
3963,540651,5
3964,540651,3
3965,540651,3
3966,533213,5
3967,533213,3
3968,533213,3
3969,580636,5
3970,585285,5
3971,3181,5
3972,3181,3
3973,3198,5
3974,554424,5
3975,579001,5
3976,579001,3
3977,584855,5
3978,584855,3
3979,579934,5
3980,579934,5
3981,579934,5
3982,579934,3
3983,579934,3
3984,614365,5
3985,614365,3
3986,614365,3
3987,542860,3
3988,585124,5
3989,585124,3
3990,521665,5
3991,521665,3
3992,527377,5
3993,527377,3
3994,580582,5
3995,580582,3
3996,518400,5
3997,518400,3
3998,518400,3
3999,518400,3
4000,617635,5
4001,617635,3
4002,585869,5
4003,1921,5
4004,1921,3
4005,614672,5
4006,614672,3
4007,614672,3
4008,535587,5
4009,620097,5
4010,620097,3
4011,508512,5
4012,560581,5
4013,526350,5
4014,4188,3
4015,4188,3
4016,585679,5
4017,585679,3
4018,524542,5
4019,524542,3
4020,579685,3
4021,617321,5
4022,617321,3
4023,517326,3
4024,539465,5
4025,539465,3
4026,580487,5
4027,580487,3
4028,580872,5
4029,617105,5
4030,499760,5
4031,560454,5
4032,585814,3
4033,581422,5
4034,561868,5
4035,561868,3
4036,536947,5
4037,536947,3
4038,536947,3
4039,583093,5
4040,583093,3
4041,527153,5
4042,527153,3
4043,527153,3
4044,542646,5
4045,517054,5
4046,517054,5
4047,583848,5
4048,583848,3
4049,583848,3
4050,579489,3
4051,578364,5
4052,578364,3
4053,616914,5
4054,616914,3
4055,616914,3
4056,538850,5
4057,555000,5
4058,582723,5
4059,564818,5
4060,554734,5
4061,539483,5
4062,539483,3
4063,515988,5
4064,617750,5
4065,580667,5
4066,580667,3
4067,497920,5
4068,617497,3
4069,617497,3
4070,617497,3
4071,584157,5
4072,584157,3
4073,614673,5
4074,614673,3
4075,616627,3
4076,535585,5
4077,535585,3
4078,535585,3
4079,581640,5
4080,10319,3
4081,585261,5
4082,562320,5
4083,562320,3
4084,584429,5
4085,584429,3
4086,584429,3
4087,581374,5
4088,621330,3
4089,621330,3
4090,516719,5
4091,516719,3
4092,516719,3
4093,599198,5
4094,599198,3
4095,618379,5
4096,618379,3
4097,618379,3
4098,580697,5
4099,580697,3
4100,584793,5
4101,584793,3
4102,584793,3
4103,1104,5
4104,1104,3
4105,619600,5
4106,619600,3
4107,559123,5
4108,559123,5
4109,559123,3
4110,559123,3
4111,612761,5
4112,536931,5
4113,536931,3
4114,536931,3
4115,5483,5
4116,5483,3
4117,5483,3
4118,5640,5
4119,517801,5
4120,517801,3
4121,619359,5
4122,619359,3
4123,611716,5
4124,611716,3
4125,611716,3
4126,584032,5
4127,584032,3
4128,583915,5
4129,580447,5
4130,521646,5
4131,521646,3
4132,521646,3
4133,617203,5
4134,615696,5
4135,548466,5
4136,548466,3
4137,548466,3
4138,585201,5
4139,618120,5
4140,618120,3
4141,564722,5
4142,564722,3
4143,611594,5
4144,611594,3
4145,582945,5
4146,501895,5
4147,501895,3
4148,501895,3
4149,514303,3
4150,621111,5
4151,621111,3
4152,595457,5
4153,595457,3
4154,595457,3
4155,499326,5
4156,499326,3
4157,537003,5
4158,537003,3
4159,537003,3
4160,497161,5
4161,497161,3
4162,579032,5
4163,579032,3
4164,579032,3
4165,555219,5
4166,555219,3
4167,617528,3
4168,618999,5
4169,559796,5
4170,559796,3
4171,615449,5
4172,615449,3
4173,561450,5
4174,556027,5
4175,611521,5
4176,611521,3
4177,557305,5
4178,547354,5
4179,547354,3
4180,611507,5
4181,613488,5
4182,613488,3
4183,611663,5
4184,611663,3
4185,535755,5
4186,535755,3
4187,535755,3
4188,535755,3
4189,613788,5
4190,613788,3
4191,613788,3
4192,613788,3
4193,583982,5
4194,583982,3
4195,583982,3
4196,583982,3
4197,529264,5
4198,529264,3
4199,529264,3
4200,584229,5
4201,3088,3
4202,581070,5
4203,524032,5
4204,524032,3
4205,621282,5
4206,615724,5
4207,618371,5
4208,618371,3
4209,560572,5
4210,560572,3
4211,560572,3
4212,582299,3
4213,6859,5
4214,6859,3
4215,6859,3
4216,522001,5
4217,522001,3
4218,535790,5
4219,535790,3
4220,521420,5
4221,521420,3
4222,9571,5
4223,9571,3
4224,617787,5
4225,617787,3
4226,617787,3
4227,531462,5
4228,531462,3
4229,621266,5
4230,621266,3
4231,620289,5
4232,620289,3
4233,620289,3
4234,585850,5
4235,497099,5
4236,497099,3
4237,615652,5
4238,615652,3
4239,556996,5
4240,556996,5
4241,556996,3
4242,556996,3
4243,556996,3
4244,613781,5
4245,613781,3
4246,612362,5
4247,546329,5
4248,613805,5
4249,613805,3
4250,613805,3
4251,613805,3
4252,581234,5
4253,581234,3
4254,517100,5
4255,579705,5
4256,583098,5
4257,559709,5
4258,559709,3
4259,512803,5
4260,512803,3
4261,578483,5
4262,578483,3
4263,617971,5
4264,617971,3
4265,617971,3
4266,584062,5
4267,584062,3
4268,617726,5
4269,618671,5
4270,585872,5
4271,585872,3
4272,585872,3
4273,585872,3
4274,10019,5
4275,10019,3
4276,604652,5
4277,604652,3
4278,620483,5
4279,620218,5
4280,620218,3
4281,620218,3
4282,621338,3
4283,612500,5
4284,612500,3
4285,582039,5
4286,576724,3
4287,582177,3
4288,616802,5
4289,616802,3
4290,604867,5
4291,578665,5
4292,580157,5
4293,619569,5
4294,619569,3
4295,619569,3
4296,584934,5
4297,584934,3
4298,580978,5
4299,580978,3
4300,560215,5
4301,560215,3
4302,534968,3
4303,497921,5
4304,497921,3
4305,536336,5
4306,536336,3
4307,536336,3
4308,536336,3
4309,581910,3
4310,561249,3
4311,535356,3
4312,535356,3
4313,619605,3
4314,579803,5
4315,579803,3
4316,518272,5
4317,518272,3
4318,584449,5
4319,584449,3
4320,575293,5
4321,575293,3
4322,575293,3
4323,589717,5
4324,589717,3
4325,579749,5
4326,579749,3
4327,575140,5
4328,575140,3
4329,502468,5
4330,502468,3
4331,502468,3
4332,598490,5
4333,598490,5
4334,598490,5
4335,547842,3
4336,547842,3
4337,530062,5
4338,530062,3
4339,516807,5
4340,618225,5
4341,618225,3
4342,498761,5
4343,498761,3
4344,498761,3
4345,612825,5
4346,612825,3
4347,498638,5
4348,498638,3
4349,498638,3
4350,555564,5
4351,555564,3
4352,579890,5
4353,582442,5
4354,617830,5
4355,617830,3
4356,613787,5
4357,613787,3
4358,613787,3
4359,618115,5
4360,620365,5
4361,620365,3
4362,620945,5
4363,620945,3
4364,620145,5
4365,611799,5
4366,579406,5
4367,579406,3
4368,579406,3
4369,580613,5
4370,580613,3
4371,536161,5
4372,536161,3
4373,516149,5
4374,3106,5
4375,564638,3
4376,564638,3
4377,580410,5
4378,580410,3
4379,580644,5
4380,517909,5
4381,569853,3
4382,503461,5
4383,536946,5
4384,536946,3
4385,572210,5
4386,572210,3
4387,572210,3
4388,9246,3
4389,615951,5
4390,615951,3
4391,615951,3
4392,584746,5
4393,584746,3
4394,583955,5
4395,583955,3
4396,583955,3
4397,615464,5
4398,615464,3
4399,616160,3
4400,574920,5
4401,574920,3
4402,574920,3
4403,574920,3
4404,620962,5
4405,620962,3
4406,620962,3
4407,584393,5
4408,613222,5
4409,613222,3
4410,620271,5
4411,620271,3
4412,613842,5
4413,612246,5
4414,612246,3
4415,559261,5
4416,559261,3
4417,616699,5
4418,616699,3
4419,616699,3
4420,616699,3
4421,584962,5
4422,584962,3
4423,584962,3
4424,518306,3
4425,613223,5
4426,579991,5
4427,620489,5
4428,620489,3
4429,556356,3
4430,581108,5
4431,581108,3
4432,581618,3
4433,535964,5
4434,579235,5
4435,504721,3
4436,613185,5
4437,613185,3
4438,502116,5
4439,583612,5
4440,522176,5
4441,522176,3
4442,522176,3
4443,579815,3
4444,602482,3
4445,578335,5
4446,578335,5
4447,578335,5
4448,578335,3
4449,582170,5
4450,11330,5
4451,11330,3
4452,611313,5
4453,611313,3
4454,611313,3
4455,583510,5
4456,583510,3
4457,582597,5
4458,582597,3
4459,582597,3
4460,618763,5
4461,618763,3
4462,580114,3
4463,600063,5
4464,9981,5
4465,9981,3
4466,9981,3
4467,582062,5
4468,582062,3
4469,576235,5
4470,621084,5
4471,621084,5
4472,621084,5
4473,613427,5
4474,613427,3
4475,613427,3
4476,579135,3
4477,578560,5
4478,583111,5
4479,619471,5
4480,582409,3
4481,582409,3
4482,583771,5
4483,583771,3
4484,502897,5
4485,502897,3
4486,537799,5
4487,537799,3
4488,537799,3
4489,612957,5
4490,582659,5
4491,582659,3
4492,616714,5
4493,612934,5
4494,583951,5
4495,583951,5
4496,13290,5
4497,13290,3
4498,13290,3
4499,581236,5
4500,581236,3
4501,584213,5
4502,584213,3
4503,574393,5
4504,574393,3
4505,574393,3
4506,616017,5
4507,585304,5
4508,585304,3
4509,526071,5
4510,540004,5
4511,617781,5
4512,617781,3
4513,583058,5
4514,583058,3
4515,619685,5
4516,518591,3
4517,613531,5
4518,583116,3
4519,583116,3
4520,614515,5
4521,619372,3
4522,619372,3
4523,619372,3
4524,580798,5
4525,580798,3
4526,518241,5
4527,518241,3
4528,581777,5
4529,578866,5
4530,578866,3
4531,580668,5
4532,580668,3
4533,613852,5
4534,518548,5
4535,613873,5
4536,583094,5
4537,583094,3
4538,617400,5
4539,617400,3
4540,618224,5
4541,618224,3
4542,620823,5
4543,620823,3
4544,518490,5
4545,518490,3
4546,585437,3
4547,580063,5
4548,612165,5
4549,612165,3
4550,612165,3
4551,616311,3
4552,613867,3
4553,583615,5
4554,583615,3
4555,583615,3
4556,583615,3
4557,620085,5
4558,620085,3
4559,620085,3
4560,563126,5
4561,563126,3
4562,548216,5
4563,548216,3
4564,572305,5
4565,572305,3
4566,613009,5
4567,613009,3
4568,578153,5
4569,578153,3
4570,578153,3
4571,615174,5
4572,615174,3
4573,615174,3
4574,497495,5
4575,497495,3
4576,614597,5
4577,614597,3
4578,581632,5
4579,579007,3
4580,579007,3
4581,621002,3
4582,561665,5
4583,517242,5
4584,517242,3
4585,517242,3
4586,517242,3
4587,511316,3
4588,559208,3
4589,585290,5
4590,609361,5
4591,579938,5
4592,579938,3
4593,535687,5
4594,519743,5
4595,620608,5
4596,620608,3
4597,618621,3
4598,612869,5
4599,612869,3
4600,619606,5
4601,581680,3
4602,584931,3
4603,611300,5
4604,611300,3
4605,611300,3
4606,534861,3
4607,534861,3
4608,585623,5
4609,585623,3
4610,616924,5
4611,616924,3
4612,12796,5
4613,12796,3
4614,615634,5
4615,615634,3
4616,615634,3
4617,615634,3
4618,500777,5
4619,500777,3
4620,504351,5
4621,504351,3
4622,585365,5
4623,585365,3
4624,583485,5
4625,583002,5
4626,583002,3
4627,583756,3
4628,583001,5
4629,583001,3
4630,585692,5
4631,585692,3
4632,517183,5
4633,581179,3
4634,555287,5
4635,583097,3
4636,583097,3
4637,14796,5
4638,14796,3
4639,14796,3
4640,652176,3
4641,519875,5
4642,519875,3
4643,517144,5
4644,577383,3
4645,516888,5
4646,576188,5
4647,576188,3
4648,576188,3
4649,545300,3
4650,545300,3
4651,565522,5
4652,498547,5
4653,559846,3
4654,559846,3
4655,574713,5
4656,574713,3
4657,574713,3
4658,530364,5
4659,530364,3
4660,501881,5
4661,500833,5
4662,500833,3
4663,531320,3
4664,678949,5
4665,678949,3
4666,678949,3
4667,643071,5
4668,643071,3
4669,621848,3
4670,621848,3
4671,612869,3
4672,500722,3
4673,563325,5
4674,563325,3
4675,540965,5
4676,614748,5
4677,614748,3
4678,654804,5
4679,654804,3
4680,499443,3
4681,535915,5
4682,497099,3
4683,585424,3
4684,646976,3
4685,663108,5
4686,663108,3
4687,1102,3
4688,648035,3
4689,546892,5
4690,546892,3
4691,615410,3
4692,498262,5
4693,510460,3
4694,592946,5
4695,658716,3
4696,581594,3
4697,560215,3
4698,673457,5
4699,651358,3
4700,11330,3
4701,655620,5
4702,620500,3
4703,640201,3
4704,613185,3
4705,612279,3
4706,517909,3
4707,585806,3
4708,553845,3
4709,579877,5
4710,579877,3
4711,519679,3
4712,599136,5
4713,581545,5
4714,500092,3
4715,578483,3
4716,519215,5
4717,536000,5
4718,536000,3
4719,516239,3
4720,575923,5
4721,616949,5
4722,616949,3
4723,559766,3
4724,535131,3
4725,583627,5
4726,569853,3
4727,584506,3
4728,537151,5
4729,537151,3
4730,604164,3
4731,604164,3
4732,622020,3
4733,520447,5
4734,520447,3
4735,517499,5
4736,590658,3
4737,572894,3
4738,572894,3
4739,507434,3
4740,584382,5
4741,569891,3
4742,522134,3
4743,524748,3
4744,524748,5
4745,524748,3
4746,524748,3
4747,578322,5
4748,578322,3
4749,578322,3
4750,582386,3
4751,536397,3
4752,500265,3
4753,623034,5
4754,499850,3
4755,677379,5
4756,677379,3
4757,562168,3
4758,497169,3
4759,507868,3
4760,678828,5
4761,534866,3
4762,513975,3
4763,670464,3
4764,618360,3
4765,658628,3
4766,651520,3
4767,651520,3
4768,538116,3
4769,518347,3
4770,622388,3
4771,562839,3
4772,499659,3
4773,666206,3
4774,587275,5
4775,587275,3
4776,559796,3
4777,560182,5
4778,560182,3
4779,662046,3
4780,515425,3
4781,667634,5
4782,667634,3
4783,507897,3
4784,673232,3
4785,1800,5
4786,1800,3
4787,605532,5
4788,605532,3
4789,560084,5
4790,617830,3
4791,539740,5
4792,539740,3
4793,581913,5
4794,581913,3
4795,615494,5
4796,670014,3
4797,678794,5
4798,8927,5
4799,8927,5
4800,676851,5
4801,615951,3
4802,580959,5
4803,517268,3
4804,11303,5
4805,546103,3
4806,679750,5
4807,679750,3
4808,612296,3
4809,547106,5
4810,547106,3
4811,657281,3
4812,560266,5
4813,577252,5
4814,577252,3
4815,588541,3
4816,659348,5
4817,659348,3
4818,579424,5
4819,656732,5
4820,656732,3
4821,674358,5
4822,674358,3
4823,674358,3
4824,643238,3
4825,519147,5
4826,519147,3
4827,669473,5
4828,11060,3
4829,670880,5
4830,670880,3
4831,618901,3
4832,619709,5
4833,598490,3
4834,620691,5
4835,560572,3
4836,616662,3
4837,561450,3
4838,511616,3
4839,660339,3
4840,560454,3
4841,616309,5
4842,565935,5
4843,565935,3
4844,649858,3
4845,499269,5
4846,499269,3
4847,531273,3
4848,531273,3
4849,531273,3
4850,677177,5
4851,677177,3
4852,503423,3
4853,673499,5
4854,573261,5
4855,613833,5
4856,613833,3
4857,560504,3
4858,544021,3
4859,613850,3
4860,676846,5
4861,676846,3
4862,497835,3
4863,660591,3
4864,660591,3
4865,519700,5
4866,677169,5
4867,677169,3
4868,677169,3
4869,523454,3
4870,545300,5
4871,585744,5
4872,585744,3
4873,516133,3
4874,612943,5
4875,661756,5
4876,661756,3
4877,527207,3
4878,619184,3
4879,537044,5
4880,500777,3
4881,617114,5
4882,580828,5
4883,12182,5
4884,582464,3
4885,613819,3
4886,646543,5
4887,646543,3
4888,596442,5
4889,596442,3
4890,499654,5
4891,499654,3
4892,617227,3
4893,679027,3
4894,676415,5
4895,676415,3
4896,619898,5
4897,4456,5
4898,4456,3
4899,530611,3
4900,621151,5
4901,621151,3
4902,621151,3
4903,621151,3
4904,585701,3
4905,582691,5
4906,582691,3
4907,539359,3
4908,617114,3
4909,596368,3
4910,559385,3
4911,659766,3
4912,574932,3
4913,574932,3
4914,679638,3
4915,679638,3
4916,501621,3
4917,622215,3
4918,645218,3
4919,579751,5
4920,641656,5
4921,646925,5
4922,568799,3
4923,597330,3
4924,678711,5
4925,662414,3
4926,559318,3
4927,649345,3
4928,553436,5
4929,670942,5
4930,561945,3
4931,519700,3
4932,620258,3
4933,614365,3
4934,12300,3
4935,553443,5
4936,592614,3
4937,9448,3
4938,536208,5
4939,619070,3
4940,589267,5
4941,589267,3
4942,621326,3
4943,499728,5
4944,673428,3
4945,673428,3
4946,504721,5
4947,504721,3
4948,584000,3
4949,675676,5
4950,661969,3
4951,12093,3
4952,611405,3
4953,578118,3
4954,578769,3
4955,580824,3
4956,622079,3
4957,539548,3
4958,675413,5
4959,675413,3
4960,651071,3
4961,578762,5
4962,671772,3
4963,516103,3
4964,561144,5
4965,561144,3
4966,618135,3
4967,579563,3
4968,664747,3
4969,573261,3
4970,642116,3
4971,3630,3
4972,517654,3
4973,566449,5
4974,642608,5
4975,617497,5
4976,617497,3
4977,567863,3
4978,568136,3
4979,525351,3
4980,544187,3
4981,613829,5
4982,613829,3
4983,613829,3
4984,614991,5
4985,561248,3
4986,671322,5
4987,613128,3
4988,616636,3
4989,4633,3
4990,510843,3
4991,562974,5
4992,613855,5
4993,613855,3
4994,675971,5
4995,675971,3
4996,675971,3
4997,614778,5
4998,614778,3
4999,647632,3
5000,586528,3
5001,586528,3
5002,531679,3
5003,517584,3
5004,522870,3
5005,520678,3
5006,520678,3
5007,618773,5
5008,535337,5
5009,611722,3
5010,560537,3
5011,585502,3
5012,615529,3
5013,655796,3
5014,655796,5
5015,656856,3
5016,535257,5
5017,573143,5
5018,560718,5
5019,518548,3
5020,679787,3
5021,616803,3
5022,645240,5
5023,645240,3
5024,556537,3
5025,620218,3
5026,606428,3
5027,646441,5
5028,672459,3
5029,657125,5
5030,657125,3
5031,536099,3
5032,505374,3
5033,665660,3
5034,579937,3
5035,539483,3
5036,598854,3
5037,658189,3
5038,641277,3
5039,663513,5
5040,2794,3
5041,617750,3
5042,662318,3
5043,620704,3
5044,506960,3
5045,622236,3
5046,677443,3
5047,497274,5
5048,497274,3
5049,644270,3
5050,622380,3
5051,651389,3
5052,498993,3
5053,511394,3
5054,6169,3
5055,648167,3
5056,670881,5
5057,670881,3
5058,585424,5
5059,585424,3
5060,497642,3
5061,582600,5
5062,669199,5
5063,529358,3
5064,531093,3
5065,559472,3
5066,576456,3
5067,582226,5
5068,616309,3
5069,576127,3
5070,678492,5
5071,678492,3
5072,6650,3
5073,674465,3
5074,667196,5
5075,667196,3
5076,585505,3
5077,613009,3
5078,613009,3
5079,11316,3
5080,11316,3
5081,4562,5
5082,572163,5
5083,572163,3
5084,585063,3
5085,580937,5
5086,580937,3
5087,658765,3
5088,531366,3
5089,500729,5
5090,666256,3
5091,619775,5
5092,507053,3
5093,507053,3
5094,497912,5
5095,556684,5
5096,679869,3
5097,540965,3
5098,677958,5
5099,677958,3
5100,612657,3
5101,647384,3
5102,3088,3
5103,516316,3
5104,621365,3
5105,499719,3
5106,654298,5
5107,678405,5
5108,678405,3
5109,678405,3
5110,678405,3
5111,559664,3
5112,517584,3
5113,528789,3
5114,676828,5
5115,676828,3
5116,676828,3
5117,596367,5
5118,559629,3
5119,508724,3
5120,659613,3
5121,9552,5
5122,9552,3
5123,661984,3
5124,584749,3
5125,643199,3
5126,544933,3
5127,649123,3
5128,527553,5
5129,527553,3
5130,15075,3
5131,15075,3
5132,15075,5
5133,560207,3
5134,525283,3
5135,505039,5
5136,575772,3
5137,670004,3
5138,670004,3
5139,542982,5
5140,498853,3
5141,516149,3
5142,579470,3
5143,670440,3
5144,524767,3
5145,611066,3
5146,547871,5
5147,609361,3
5148,12182,3
5149,12182,3
5150,500633,3
5151,584356,5
5152,641356,5
5153,515972,3
5154,510235,3
5155,664344,5
5156,561450,3
5157,518213,5
5158,518213,3
5159,545990,3
5160,677647,5
5161,677647,3
5162,677647,3
5163,576476,3
5164,664478,3
5165,504404,5
5166,518979,3
5167,588290,3
5168,561564,3
5169,13046,3
5170,539307,3
5171,669893,5
5172,669893,3
5173,670880,3
5174,502929,3
5175,607822,3
5176,670726,3
5177,670231,3
5178,9348,3
5179,504404,3
5180,645541,3
5181,566202,3
5182,497411,3
5183,530124,3
5184,517326,3
5185,561031,5
5186,580828,3
5187,591120,3
5188,536946,3
5189,14109,3
5190,614701,3
5191,516560,3
5192,582136,5
5193,584211,5
5194,559446,5
5195,669087,3
5196,585057,3
5197,499665,3
5198,621142,3
5199,523326,3
5200,5971,5
5201,576353,5
5202,668244,3
5203,516311,3
5204,570821,5
5205,663839,3
5206,599029,5
5207,599029,3
5208,582723,5
5209,582723,3
5210,582723,3
5211,669694,3
5212,568041,3
5213,650147,3
5214,675618,3
5215,13167,3
5216,538821,3
5217,536083,3
5218,560666,3
5219,670560,3
5220,656249,5
5221,656249,3
5222,509393,3
5223,645502,5
5224,2241,3
5225,615038,3
5226,9606,3
5227,621111,3
5228,12894,3
5229,616751,5
5230,585330,5
5231,580818,3
5232,589191,5
5233,589191,3
5234,518306,3
5235,518306,5
5236,522793,5
5237,674962,3
5238,674962,3
5239,622911,3
5240,498875,5
5241,14774,3
5242,643983,5
5243,497563,3
5244,569725,3
5245,657117,5
5246,657117,3
5247,537044,3
5248,578990,5
5249,622238,5
5250,595550,3
5251,622220,3
5252,621711,5
5253,656327,3
5254,498038,3
5255,660892,5
5256,506251,3
5257,519743,5
5258,13643,3
5259,660147,3
5260,611722,3
5261,671277,3
5262,642379,3
5263,615494,3
5264,530333,3
5265,658602,5
5266,658602,3
5267,616949,3
5268,616173,3
5269,660047,3
5270,660047,3
5271,499268,5
5272,679743,3
5273,679743,3
5274,619775,3
5275,585437,3
5276,613656,3
5277,613656,3
5278,1332,3
5279,666766,3
5280,551884,3
5281,620783,3
5282,592329,3
5283,553135,3
5284,515867,5
5285,621713,5
5286,585124,3
5287,585124,3
5288,679816,5
